{
  "$schema": "https://mintlify.com/docs.json",
  "theme": "aspen",
  "name": "Parabola",
  "colors": {
    "primary": "#1A4A43",
    "light": "#44d6af",
    "dark": "#1A4A43"
  },
  "fonts": {
    "heading": {
      "family": "Biancoserif",
      "source": "https://cdn.prod.website-files.com/663559c9207f91d5a1ba91ba/663559c9207f91d5a1ba9a74_BiancoSerif-Regular.woff",
      "format": "woff"
    },
    "body": {
      "family": "Mori",
      "source": "https://cdn.prod.website-files.com/663559c9207f91d5a1ba91ba/680083bad8522005ce52efc6_PPMori-Regular.woff2",
      "format": "woff2"
    }
  },
  "background": {
    "decoration": "gradient"
  },
  "appearance": {
    "default": "light"
  },
  "favicon": "/favicon.svg",
  "navigation": {
    "tabs": [
      {
        "tab": "Documentation",
        "groups": [
          {
            "group": "Product overview",
            "pages": [
              "product/overview/introduction-to-parabola",
              "product/overview/building-a-flow",
              "product/overview/keyboard-shortcuts",
              "product/overview/managing-a-flow",
              "product/overview/connecting-integration-accounts",
              "product/overview/limitations"
            ]
          },
          {
            "group": "Account overview",
            "pages": [
              "product/account/account-settings",
              "product/account/team-and-permissions",
              "product/account/billing-and-pricing"
            ]
          },
          {
            "group": "Integrations",
            "pages": [
              "product/integration/amazon-seller-central",
              "product/integration/box"
            ]
          },
          {
            "group": "Transforms",
            "pages": [
              "product/transform/insert-date-time-column",
              "product/transform/insert-growth-rate-column",
              "product/transform/insert-if-else-column"
            ]
          },
          {
            "group": "Security",
            "pages": [
              "product/security/sso-configuration",
              "product/security/ip-addresses-parabola-sends-data-from",
              "product/security/subprocessors-list"
            ]
          }
        ]
      }
    ],
    "global": {
      "anchors": [
        {
          "anchor": "FAQs",
          "href": "https://parabola.io/faqs",
          "icon": "circle-question"
        },
        {
          "anchor": "Blog",
          "href": "https://parabola.io/blog",
          "icon": "newspaper"
        }
      ]
    }
  },
  "logo": {
    "light": "/logo/light.svg",
    "dark": "/logo/dark.svg",
    "href": "https://parabola.io/"
  },
  "navbar": {
    "links": [
      {
        "label": "Sign in",
        "href": "https://parabola.io/app/signin"
      }
    ],
    "primary": {
      "type": "button",
      "label": "Get a demo",
      "href": "https://parabola.io/demo"
    }
  },
  "contextual": {
    "options": [
      "copy",
      "view",
      "chatgpt",
      "claude",
      "perplexity",
      "mcp",
      "cursor",
      "vscode"
    ]
  },
  "footer": {
    "socials": {
      "x": "https://x.com/tryparabola",
      "youtube": "https://www.youtube.com/channel/UC-QoZD80bbuxXvDwm3tiHqw",
      "linkedin": "https://www.linkedin.com/company/tryparabola"
    }
  }
}
